{"min": 0.09865872279629684, "max": 0.4457762239536611}