{"min": 0.0784524175924087, "max": 0.4179359802772541}